DATE,01:J1,02:J2,03:J4,04:J5,05:J6,06:J6A,07:J7,08:J8,09:J9,10:J10,11:J11,12:J11A,13:J12,14:J13,15:J14,16:J15,17:J15A,18:J16,19:J17,20:J18,21:J19,22:J20,23:J21,24:J21A,25:J22,26:J23,27:J23A,28:J24,29:J24A,30:J25,31:J26,32:J27,33:J28,34:J29,35:J29A,36:J30,37:J31,38:J32,39:J33,40:J34,41:J35,42:J35A,43:J36,44:J37,45:J38,46:J39,47:J40,48:J41,49:J42,50:J43|44,51:J45,52:J46,53:J47,54:J48
2023-05-06 23:59:42.257360,58.50495,61.6567,70.0,69.96332,70.0,67.72946,64.88064,68.90823,70.0,67.02653,65.750946,57.67605,52.12279,65.57354,66.70386,63.159176,64.81178,69.14477,67.72946,68.78247,65.86535,70.0,66.51274,70.0,66.62808,70.0,70.0,70.0,70.0,64.48158,57.354904,64.72811,67.95269,67.72947,66.92735,66.081184,67.3481,66.148796,58.656532,64.866875,68.49623,68.9722,68.0522,69.93845,70.0,69.41587,70.0,67.640884,51.50506,68.88108,70.0,70.0,70.0,NA
2023-05-07 00:29:45.153852,58.983234,70.0,67.74718,66.85646,70.0,70.0,66.092834,65.98588,67.361595,63.688328,63.676613,61.428963,64.2184,65.023766,65.90975,67.90945,68.26439,70.0,70.0,70.0,65.62133,70.0,70.0,70.0,70.0,69.665054,68.9722,70.0,67.72946,70.0,69.92654,70.0,68.08133,67.611435,69.70373,69.83555,70.0,69.255646,60.023853,66.8167,70.0,70.0,70.0,63.451202,66.85139,62.816967,66.13229,69.549286,56.9599,63.748016,70.0,70.0,70.0,NA
2023-05-07 00:59:48.717016,61.134026,68.89122,68.39278,69.21614,70.0,65.86535,58.544743,64.04738,66.92415,64.22814,65.3398,67.99483,64.29079,66.89327,70.0,70.0,70.0,69.54845,67.72946,70.0,58.936817,69.47053,66.637245,70.0,68.40676,68.27935,67.32131,65.53959,67.72946,68.94386,67.51315,65.551155,63.64627,67.965515,65.75519,69.33078,67.36146,62.529526,61.76188,64.79403,67.33945,70.0,68.0522,68.76557,70.0,68.43911,65.66217,70.0,52.941353,64.81658,70.0,70.0,66.15788,NA
2023-05-07 01:29:51.870882,68.638504,70.0,66.3963,68.22502,70.0,67.108086,63.86538,67.72785,69.65489,66.096695,68.9722,67.98861,63.048042,64.869774,65.49646,67.849976,68.79932,68.865005,66.48672,67.69958,63.24833,70.0,70.0,70.0,68.71473,66.607735,70.0,70.0,69.593575,69.802315,70.0,69.281715,69.54338,69.97889,70.0,69.74924,69.452225,70.0,59.7747,67.49806,69.43491,70.0,68.43151,66.28009,66.01776,63.971428,66.41109,64.86686,49.709694,65.77037,68.4937,70.0,68.9722,NA
2023-05-07 01:59:54.470684,66.77438,70.0,69.74234,69.10569,69.15488,64.001236,65.077576,66.40084,69.532265,64.22814,64.82353,65.82363,64.182205,63.627033,68.026924,66.68706,69.247826,70.0,68.9722,69.23554,60.839035,70.0,67.166145,70.0,69.71688,67.87241,69.30371,70.0,68.9722,69.06706,70.0,67.4176,70.0,68.822945,69.48341,69.509415,70.0,68.35359,57.78601,63.7827,68.9722,70.0,69.674255,70.0,70.0,70.0,69.390396,66.30958,49.709694,69.66069,69.76969,70.0,69.42916,NA
2023-05-07 02:29:57.151875,64.19335,70.0,67.625244,65.38515,70.0,68.9722,62.56155,64.76959,65.48922,62.368473,66.792755,65.99935,61.769108,65.10616,68.52896,68.9722,67.72946,70.0,70.0,70.0,68.276436,70.0,65.864845,70.0,68.87331,68.82924,67.268005,70.0,70.0,70.0,69.377266,68.24532,67.806786,69.47555,70.0,69.56858,67.545456,64.73708,58.53347,62.077145,65.8521,67.72946,69.270836,69.17883,67.344284,68.79451,68.9722,67.30806,52.263927,67.44103,68.048454,70.0,70.0,NA
2023-05-07 02:59:59.699693,57.50135,67.181076,67.502014,69.22382,70.0,67.108086,65.72949,64.85049,63.257236,64.618164,65.34908,67.43304,63.12043,65.18316,69.96514,67.20826,68.334526,68.92138,69.593575,68.229324,61.76157,70.0,63.64788,68.35083,70.0,70.0,70.0,70.0,70.0,67.7592,70.0,70.0,69.86593,70.0,69.30268,70.0,66.35873,65.35846,59.277905,62.52708,68.19218,70.0,70.0,62.968075,39.118763,68.9722,70.0,66.64241,49.709694,67.88998,68.526955,68.557014,70.0,NA
2023-05-07 03:30:02.631577,59.17435,67.72946,69.09804,66.871826,70.0,64.001236,62.19821,65.22696,65.86535,62.754047,61.61157,66.50194,63.048042,64.95216,68.862274,68.9722,67.72946,69.63583,70.0,67.139946,61.893105,70.0,70.0,70.0,70.0,69.665054,68.85393,68.96206,67.72946,68.18486,69.377266,67.93581,69.029175,70.0,70.0,70.0,70.0,69.255646,62.761517,65.48825,68.50949,70.0,69.07699,63.58945,17.198298,67.108086,67.04431,66.39815,52.679054,59.678097,64.001236,68.34943,68.18642,NA
2023-05-07 04:00:05.582141,54.012764,69.08164,69.3432,69.09033,70.0,59.65163,62.727947,63.213898,66.24147,60.654144,59.221905,65.22372,64.182205,61.44954,67.73221,66.16586,66.84877,68.14195,68.35083,68.93925,62.344845,70.0,63.116978,70.0,69.61481,70.0,69.70019,70.0,70.0,70.0,70.0,67.93581,69.96025,70.0,70.0,67.80499,67.16409,68.070145,59.030262,65.5611,68.26488,68.9722,65.86535,70.0,15.895045,68.08484,67.32311,64.20121,50.165543,65.473175,69.76969,70.0,70.0,NA
2023-05-07 04:30:08.334870,62.61591,70.0,68.64054,68.22502,70.0,65.24397,63.152378,64.487816,65.80403,58.790028,59.01168,65.82363,61.18393,64.4794,67.67042,65.54448,68.98851,70.0,70.0,70.0,63.437,70.0,67.39625,67.72946,67.80603,68.9722,69.76515,70.0,70.0,69.76094,68.278725,68.454,67.09059,68.0523,67.94978,68.81452,66.782745,65.47294,56.916996,63.538425,66.328064,67.72946,53.590916,51.71502,63.77661,66.42711,69.65735,67.552315,51.145985,66.42363,68.86258,66.903305,65.14362,NA
2023-05-07 05:00:11.162748,49.473057,70.0,69.38776,69.978676,65.53625,63.379864,62.789036,64.25102,65.68141,48.449173,49.653946,64.83129,63.011852,61.839916,70.0,69.27271,70.0,70.0,66.48672,65.6074,59.068356,70.0,67.375984,70.0,70.0,70.0,65.74706,69.147606,70.0,70.0,70.0,70.0,70.0,67.965515,70.0,69.35619,69.31089,68.46531,60.89438,63.39273,69.05816,70.0,69.07699,68.69571,69.85361,67.84755,68.07204,66.975235,49.088326,65.96593,70.0,66.903305,70.0,NA
2023-05-07 05:30:13.889483,58.266808,67.0166,67.7714,66.4944,70.0,66.48672,64.74478,65.54348,68.66564,58.4,58.714928,59.640373,62.939465,67.591644,66.0727,67.4086,62.82862,70.0,68.35083,67.96291,62.363888,70.0,67.16589,70.0,70.0,69.32959,65.74706,68.40662,69.593575,69.87676,69.73778,65.347145,68.837,68.9722,64.84292,67.92691,67.545456,67.67498,58.036674,64.0141,67.802155,70.0,70.0,70.0,69.10559,67.55176,69.390396,64.06835,48.922794,64.93802,69.2912,70.0,68.3786,NA
2023-05-07 06:00:16.595820,62.56888,67.91988,70.0,64.63028,68.89913,66.48672,61.970726,63.561954,61.393127,56.694565,57.472187,59.615433,63.705605,60.59178,67.97232,68.651344,61.585876,69.09915,67.72946,67.50985,59.878407,69.56281,63.405884,70.0,70.0,70.0,70.0,68.22047,66.48672,67.16044,69.088844,68.76353,69.17402,70.0,70.0,70.0,68.16683,65.86535,57.78752,63.234173,66.41401,67.72946,66.5674,69.73182,69.194534,66.161125,67.805084,66.55383,48.922794,66.54174,68.36746,69.59498,70.0,NA
2023-05-07 06:30:19.279317,61.995033,64.49161,68.53632,63.277084,70.0,60.89438,63.21347,62.404648,63.87861,56.92591,53.84907,52.80157,61.18393,61.685917,67.60293,69.4934,67.09178,69.7545,68.9722,68.80928,62.834682,66.79435,65.80541,70.0,70.0,70.0,69.70019,67.34823,68.9722,68.01563,69.73778,70.0,60.440784,66.188194,65.86535,68.51095,70.0,67.732216,59.279415,65.184,69.75223,70.0,65.88945,70.0,69.37331,67.07828,66.34732,64.73401,48.922794,64.5243,66.64622,67.726654,65.929405,NA
2023-05-07 07:00:22.080628,58.458427,69.49957,69.883286,69.978676,70.0,60.89438,59.773815,63.518745,69.34833,59.565628,58.504707,60.597233,63.048042,63.473038,67.850555,67.08774,58.479023,67.78258,68.35083,63.76129,66.82597,70.0,70.0,70.0,69.04334,68.06492,65.40389,63.489933,65.86535,67.22364,68.827995,68.66035,69.97416,69.56234,68.9722,68.132835,70.0,65.415695,59.653145,63.624134,70.0,70.0,70.0,69.247215,69.53925,68.20294,68.769035,67.885155,50.42784,68.495926,68.955574,70.0,70.0,NA
2023-05-07 07:30:25.099174,62.425293,70.0,70.0,70.0,67.91214,62.137115,54.863945,63.754375,68.359085,59.334282,58.504707,63.57452,61.950073,58.491283,68.940544,65.10312,57.9604,68.42414,70.0,67.74979,61.572887,70.0,70.0,70.0,70.0,70.0,64.72921,66.226,68.9722,69.70014,70.0,69.17854,70.0,70.0,69.19252,66.36077,66.782745,66.71292,60.274517,66.73099,70.0,70.0,68.0522,70.0,70.0,64.77049,62.276516,55.9248,47.058685,67.59769,70.0,69.1812,65.50874,NA
2023-05-07 08:00:27.990997,59.031265,70.0,70.0,70.0,70.0,65.24397,58.469982,62.896572,64.683914,57.783077,56.85082,59.058907,59.319817,61.993908,68.78937,70.0,62.29369,70.0,68.9722,67.90117,64.228004,70.0,66.55128,70.0,70.0,68.63674,68.62903,68.47165,67.108086,68.37591,70.0,70.0,69.9358,67.69822,69.19252,67.73305,70.0,67.44877,58.410404,69.37503,70.0,70.0,69.754944,70.0,70.0,70.0,70.0,66.842384,48.563725,64.413376,68.36746,69.59498,67.33656,NA
2023-05-07 08:30:31.306021,61.755894,70.0,69.301254,68.594765,69.04527,60.89438,55.42422,63.95108,62.75849,58.558678,57.367077,60.623962,64.363174,65.18316,70.0,67.9298,63.293423,70.0,68.9722,68.29107,61.855007,69.47053,69.93979,70.0,69.30684,69.665054,66.196846,65.169106,70.0,69.51209,70.0,70.0,70.0,70.0,69.48341,69.59917,68.68952,68.070145,60.273003,66.413864,67.02213,67.72946,69.37562,69.73182,69.8379,70.0,70.0,68.839355,49.640945,66.46919,70.0,70.0,70.0,NA
2023-05-07 09:00:34.579365,57.597412,70.0,68.74215,67.2339,70.0,65.24397,56.78915,64.52015,68.10558,60.032764,56.85082,59.816925,61.588135,62.147903,66.69746,59.911453,61.16999,69.68148,65.86535,62.87691,60.198616,70.0,68.95818,70.0,66.99398,68.82924,67.836075,68.657196,70.0,69.51781,70.0,70.0,69.05582,66.36869,68.130516,67.3963,66.68407,69.70805,61.89099,68.20514,70.0,70.0,69.45631,70.0,68.888885,68.46892,66.626114,67.30806,48.922794,68.64154,69.45069,67.73086,68.64337,NA
2023-05-07 09:30:37.720312,61.755894,69.50208,69.94816,68.85407,70.0,63.379864,60.19825,64.87436,65.80403,59.80142,59.747456,60.773792,64.07362,62.2249,68.065735,65.64466,60.807938,68.87287,70.0,69.66718,62.081776,70.0,70.0,70.0,70.0,70.0,66.98981,68.47254,69.593575,70.0,70.0,70.0,70.0,70.0,70.0,69.75699,69.07088,67.39153,60.274517,68.277985,67.02213,68.9722,68.59288,70.0,68.51631,66.36862,66.626114,64.11264,49.640945,68.12951,70.0,69.1812,69.42916,NA
2023-05-07 10:00:40.941346,59.079296,68.442314,67.62785,66.73834,70.0,63.379864,61.182957,63.370953,64.37736,57.624397,55.091812,58.20668,61.147736,62.230297,68.20252,69.27271,65.054794,70.0,70.0,69.67872,63.738163,69.6551,69.67865,70.0,69.602776,69.522095,66.54002,68.09041,67.72946,70.0,68.827995,67.93581,67.312256,66.60474,65.90493,67.06371,69.07088,65.922585,58.285828,64.0141,67.33945,68.9722,70.0,70.0,70.0,69.91916,68.49023,69.416435,49.640945,66.21598,70.0,70.0,70.0,NA
2023-05-07 10:30:44.228077,60.369564,69.08164,67.76879,61.916218,67.14462,62.758488,59.152443,65.18732,69.908394,59.874096,58.399597,64.50202,63.011852,66.271904,69.91474,68.651344,63.828358,69.71501,69.593575,68.6759,64.03933,67.9448,67.89312,70.0,68.84347,69.522095,66.98981,68.045364,67.72946,69.325424,68.20662,69.17854,69.691086,70.0,70.0,66.13963,63.71855,63.09918,59.7747,63.7827,65.243965,67.72946,70.0,66.69187,70.0,70.0,66.71359,62.40422,47.84558,63.37829,67.267586,69.59498,68.9722,NA
2023-05-07 11:00:47.574880,61.086994,68.24632,67.62785,67.2339,70.0,62.758488,64.320366,65.94267,66.42541,58.790028,60.05349,64.82158,61.18393,63.863422,70.0,67.4086,63.449993,69.72952,68.9722,69.35057,64.69879,70.0,69.75699,70.0,70.0,70.0,69.250404,68.22107,69.593575,66.77589,69.49391,67.4176,57.56787,62.112793,62.23869,69.9882,67.06543,69.934265,60.271496,69.36217,68.19218,68.9722,68.67356,70.0,69.50441,69.623375,68.769035,69.83783,50.35909,68.19435,70.0,70.0,70.0,NA
2023-05-07 11:30:50.676609,68.112686,70.0,67.296196,67.98108,70.0,60.89438,63.440952,66.14748,68.60433,65.16242,68.13132,68.20604,62.53525,55.9288,70.0,67.9298,63.363556,70.0,70.0,70.0,68.72819,70.0,69.18655,65.24397,65.75893,60.553257,64.302765,70.0,70.0,70.0,69.92654,67.62395,70.0,69.38875,70.0,70.0,69.692245,68.070145,58.904175,68.75366,70.0,70.0,70.0,69.31856,67.78654,66.664406,69.17538,68.9722,50.621387,69.86833,70.0,70.0,68.47896,NA
2023-05-07 12:00:53.538124,64.76669,67.33254,66.96454,66.74602,70.0,67.108086,60.38153,65.36174,65.121346,65.706665,66.792755,69.154396,63.633217,64.63879,69.259056,66.58689,69.07494,70.0,69.593575,70.0,64.03933,67.108086,69.58656,70.0,70.0,70.0,69.30371,69.71378,68.9722,66.216644,66.57581,69.281715,70.0,70.0,68.681305,67.830696,66.68407,64.62536,59.527058,65.19687,70.0,68.9722,70.0,70.0,68.491905,66.634605,70.0,69.21646,50.883686,67.63116,70.0,70.0,70.0,NA
2023-05-07 12:30:56.741079,67.92157,70.0,67.44235,69.71938,70.0,64.001236,57.169365,67.02025,64.683914,63.68388,66.056984,64.0861,61.009033,59.195045,70.0,65.84499,64.36329,69.91007,70.0,68.57242,62.081776,68.8738,65.551285,70.0,67.97322,65.98637,68.522415,70.0,70.0,69.56118,66.55882,68.454,69.483894,70.0,68.24068,70.0,68.68952,65.922585,58.53347,65.57396,69.43491,70.0,70.0,70.0,70.0,70.0,68.9722,67.640884,51.145985,70.0,70.0,70.0,69.69393,NA
2023-05-07 13:17:38.500479,63.47642,69.126175,70.0,70.0,70.0,63.379864,62.56155,62.907448,64.438675,62.91272,64.82353,64.90141,61.588135,62.697674,67.427795,64.30175,68.45357,70.0,70.0,68.75907,62.495422,70.0,64.000984,69.593575,68.5768,70.0,69.42198,68.08981,67.72946,66.001915,70.0,70.0,65.014626,64.21296,70.0,66.14379,64.4386,63.54883,60.7698,64.08695,67.33945,70.0,70.0,70.0,70.0,66.33883,66.14415,62.004272,49.640945,60.899982,67.12472,68.9722,63.90088,NA
2023-05-07 13:47:41.644143,57.88358,70.0,67.108086,65.983475,68.9722,67.108086,64.42567,65.59577,66.42541,66.096695,67.213196,67.190674,62.53525,63.396038,68.33302,66.16586,67.108086,67.51216,65.24397,66.47178,58.315453,70.0,66.15864,60.894375,53.165813,61.90075,67.43959,64.42871,70.0,70.0,70.0,70.0,69.94276,70.0,69.26309,69.42656,60.131668,64.230194,62.75849,68.218,70.0,70.0,70.0,70.0,70.0,62.846775,63.16484,63.779808,49.350624,70.0,70.0,70.0,64.18489,NA
2023-05-07 14:17:45.212758,59.795723,70.0,65.100426,66.612526,65.97496,65.86535,63.804295,62.828518,64.86784,61.66553,63.791016,64.02425,63.705605,65.33715,66.49886,65.52414,68.71288,67.91015,70.0,65.54873,62.98526,70.0,69.653015,67.72946,66.97935,69.379135,60.764427,60.49077,67.108086,68.51653,70.0,70.0,63.228065,67.87872,67.72946,68.54255,70.0,67.67498,57.78752,61.382923,65.8786,67.72946,66.26877,69.73182,69.79997,69.623375,66.76551,68.550804,48.301426,65.087494,70.0,64.001236,62.758488,NA
2023-05-07 14:47:48.143847,64.14532,70.0,66.96714,70.0,70.0,67.108086,62.19821,61.225063,66.31104,65.86535,66.897865,67.02466,64.182205,59.27204,67.34543,69.4934,67.19453,67.854675,62.137123,59.94991,58.786243,59.024155,68.72132,70.0,70.0,68.63674,64.33273,67.468735,68.35083,69.741516,69.85443,70.0,68.63659,70.0,66.56589,58.686764,55.104687,64.45088,54.929817,62.625668,65.63399,68.9722,66.64809,70.0,70.0,69.623375,70.0,66.73098,49.447395,63.109127,70.0,68.55982,70.0,NA
2023-05-07 15:17:51.335676,65.48362,66.38473,66.44737,70.0,67.72947,62.758488,63.668438,65.06991,66.92415,66.096695,66.897865,65.71528,61.002956,58.65067,66.18285,69.69375,70.0,70.0,68.35083,66.12868,59.70878,61.109715,65.3223,68.9722,70.0,70.0,65.735405,66.89212,70.0,70.0,70.0,67.62395,69.95347,67.548965,62.648335,59.271515,60.513023,63.382618,60.023853,64.17266,67.71621,70.0,70.0,70.0,69.323235,69.44568,70.0,70.0,49.447395,58.493526,61.196754,70.0,70.0,NA
2023-05-07 15:47:54.625827,61.850945,66.70866,62.79522,70.0,67.510254,60.89438,60.500496,62.1667,64.683914,62.450027,66.07557,65.106255,57.63667,60.59717,65.26654,61.374886,58.322453,61.833984,69.593575,69.73848,64.641655,65.80993,66.47495,70.0,66.55986,66.00831,67.72946,67.85982,67.72946,63.663372,64.30663,64.51242,65.95322,63.851974,64.47286,67.47154,68.4495,66.71292,57.043083,70.0,70.0,70.0,67.6163,67.72946,68.91067,66.9006,63.58304,66.44243,49.640945,59.528625,64.33685,70.0,70.0,NA
2023-05-07 16:17:57.835053,61.038467,65.29345,69.1564,65.24397,66.04803,61.51575,58.408894,64.3704,63.257236,64.85839,63.676613,60.544735,61.075348,63.858025,65.70082,67.9298,66.400276,68.1109,67.72946,66.426956,55.92341,57.07386,70.0,68.9722,70.0,70.0,68.06097,66.37635,70.0,70.0,69.85443,68.144485,61.834423,58.35333,63.961647,65.12852,66.585396,70.0,59.77621,66.03677,69.76549,70.0,70.0,70.0,70.0,68.676414,66.35917,65.3111,49.088326,59.255615,65.40347,61.727547,60.958435,NA
2023-05-07 16:48:01.144336,64.76669,64.77155,62.23872,61.8855,68.89913,65.24397,61.546295,69.21389,68.9722,65.706665,61.9269,63.30447,61.545868,63.313652,67.07284,68.15049,67.108086,67.42133,68.35083,67.69958,62.533516,70.0,70.0,70.0,66.91139,67.65798,59.63997,62.593826,55.302036,69.12906,69.52147,65.76218,63.356823,59.03026,60.563892,61.219204,63.139843,64.96329,60.397583,64.3912,64.695305,68.9722,68.73014,68.00743,67.52696,62.75849,64.20441,65.86535,55.02703,53.52256,55.302036,55.095848,59.523506,NA
2023-05-07 17:18:04.719816,59.50905,68.28035,68.41831,70.0,70.0,70.0,65.33562,66.48253,64.86784,68.89064,70.0,67.42669,63.011852,65.260155,67.9424,62.758495,70.0,70.0,62.75849,64.391136,54.699715,56.421726,69.339195,61.515747,56.756107,67.465485,67.66449,65.11362,67.108086,67.92649,66.96388,67.21126,60.773815,59.769665,60.563892,57.330143,54.822006,58.128204,52.691975,58.434628,61.588448,62.758495,64.70329,64.20786,66.30278,66.8123,67.805084,64.7783,54.04659,57.282154,62.95124,67.521866,62.228947,NA
2023-05-07 17:48:08.001542,62.998135,69.591064,65.84372,70.0,70.0,66.48672,60.561584,66.20529,68.04427,61.511307,60.368824,63.23243,61.479553,58.73306,59.855484,64.001236,66.400276,67.38737,68.9722,66.193504,56.186474,60.0269,62.425907,63.37986,64.56442,67.65798,65.40389,65.98527,67.72946,67.66434,61.471203,52.814213,53.324146,54.05929,57.858093,57.139156,57.110138,62.477802,57.043083,60.51728,70.0,70.0,68.27014,67.6596,68.364586,66.634605,67.74131,63.335583,54.252842,56.381107,60.894375,57.166153,58.244476,NA
2023-05-07 18:18:11.084662,62.663433,66.815674,69.73973,68.22502,70.0,67.72946,64.71424,64.39704,67.921646,65.706665,60.273003,63.95436,64.87596,61.603535,63.624676,64.20158,65.24397,65.07697,66.48672,68.46586,58.389847,54.83448,68.029755,69.593575,55.60399,61.372795,63.764675,63.489933,65.86535,67.47708,67.296844,65.34481,56.457245,53.82324,54.570507,57.130676,59.312946,61.741955,58.036674,60.18729,62.831192,65.24397,66.5674,65.17559,65.81687,65.71745,66.28355,63.86838,52.251225,60.30332,63.396484,68.56263,70.0,NA
2023-05-07 18:48:14.434640,56.831955,63.348347,70.0,68.728264,65.97496,62.758488,59.48524,64.18867,63.563793,57.243267,61.40135,61.610676,61.660526,64.4794,67.29755,66.68706,66.313835,65.85167,63.37986,61.112556,60.913425,56.729355,57.75499,60.894375,61.764362,70.0,62.68185,59.93592,63.37986,65.05373,65.981995,66.48204,55.302036,54.05929,59.39173,58.652157,59.792973,61.177822,58.036674,58.56745,60.504364,62.13712,62.37917,63.656353,62.78072,61.66364,59.448463,65.44395,58.961514,59.873653,59.701515,57.578533,57.358334,NA
2023-05-07 19:18:17.427430,55.493652,61.343277,63.219902,65.86535,64.11084,67.108086,58.211952,65.84913,66.42541,58.486008,61.30553,59.39441,64.99061,58.33729,58.055313,61.415573,65.33041,63.410786,58.408894,57.524185,58.729095,55.64043,56.375736,59.651634,66.96213,70.0,65.007416,63.249504,64.622604,65.685745,66.89178,63.99889,56.417263,55.302032,55.813248,54.977207,59.49695,58.073727,55.800343,52.962246,52.585194,62.13712,64.380554,66.073456,64.221146,65.599365,66.71359,67.39663,54.61191,56.759613,60.41588,59.239258,59.487217,NA
2023-05-07 19:48:21.028577,57.50135,70.0,70.0,67.73714,69.92266,55.92341,58.015007,59.01761,61.953186,60.504353,53.3421,58.931858,60.785793,61.52114,58.109596,65.08433,64.433426,62.23641,58.408894,67.35648,66.33614,70.0,61.47771,58.408894,58.648895,67.44354,61.095936,57.60138,62.137123,61.76134,61.110687,61.10072,63.985477,60.9187,57.968258,58.134323,59.030266,61.63023,58.284317,61.83287,63.293907,68.9722,67.35014,64.07109,64.74786,65.83554,64.698235,64.44547,56.21373,56.97445,58.887394,58.202698,57.78752,NA
2023-05-07 20:18:23.995420,58.361866,58.47937,62.32914,70.0,70.0,67.108086,60.137154,62.21721,63.8173,58.871586,61.296238,60.235733,59.905,59.508427,65.63053,66.58689,65.24397,56.78762,55.92341,57.06266,66.82597,60.513,60.69805,58.408894,58.168884,61.944622,65.52218,69.756454,70.0,70.0,68.20662,68.24766,59.456436,61.783035,61.877224,60.525745,60.131668,60.161285,60.77585,61.83287,63.293907,67.108086,69.650154,70.0,65.349754,65.39187,62.555317,66.39815,54.543163,56.088825,59.970634,59.030262,60.172653,NA
2023-05-07 20:48:27.702984,59.078793,65.55991,70.0,69.208466,70.0,62.758488,59.34939,65.44798,65.42791,58.486008,60.78926,66.64038,62.462864,55.14804,62.970013,69.192894,59.705467,62.22212,61.515747,65.300674,58.485077,66.70206,68.29165,66.48672,63.234234,69.92903,67.43959,69.397285,67.72946,63.47572,67.44105,67.93814,68.5425,61.658104,61.736065,55.73127,59.115593,59.37095,56.669353,61.4429,62.36848,67.72946,66.5674,66.34847,67.55836,68.49872,66.295395,66.109604,52.747803,66.20879,69.57694,67.31708,65.21621,NA
2023-05-07 21:18:31.403987,64.47952,64.01425,65.5389,59.785122,60.565285,60.273003,55.712795,64.03277,68.41214,66.640945,66.897865,66.58608,63.597023,60.28379,65.25827,67.4086,66.93521,58.032185,62.75849,59.379833,59.67068,69.409004,62.956566,63.37986,63.660583,70.0,65.167336,62.746555,70.0,59.57194,57.021942,59.75715,58.6877,58.290867,58.809944,58.841854,56.742134,65.132256,57.91361,60.200157,70.0,68.9722,66.40604,66.83159,68.52422,67.13789,66.84115,66.73098,56.144974,56.97445,60.432503,58.61648,59.030262,NA
2023-05-07 21:48:34.721909,55.44612,65.71389,67.09168,70.0,70.0,67.108086,57.729645,64.05664,66.985466,64.38681,66.07557,65.41525,60.598755,61.82913,62.741196,67.20826,66.124664,55.216908,55.302036,58.213776,61.816914,57.16615,55.773006,55.92341,59.977074,70.0,67.836075,67.293335,70.0,70.0,70.0,63.276688,62.366974,56.780834,55.302036,55.205532,60.641014,62.706768,58.16276,60.98009,70.0,70.0,70.0,70.0,69.39016,59.088745,55.302036,56.83332,55.095783,62.074036,66.34385,62.555107,60.894375,NA
2023-05-07 22:18:37.938250,56.449722,63.77687,61.97455,64.87422,67.98521,64.622604,53.21365,67.72706,69.278755,64.23259,67.62435,64.95367,63.416058,56.08279,65.469,63.700726,67.64302,60.477673,67.108086,65.75878,62.6823,62.918415,66.85258,66.48672,70.0,62.70895,69.70019,59.792137,65.86535,70.0,70.0,70.0,64.32451,64.56704,66.7776,62.636425,56.304764,57.28339,60.7698,70.0,70.0,67.108086,70.0,68.90382,68.72489,66.7825,65.44715,67.30806,55.854652,64.08902,62.61562,61.309555,61.57981,NA
2023-05-07 22:48:41.088470,62.138123,70.0,67.00387,68.22502,70.0,62.758488,49.879307,65.90143,66.04928,61.59286,68.437355,70.0,62.354286,60.360786,65.84458,58.829918,65.43316,65.58885,70.0,67.72639,60.215866,61.798725,61.222458,62.75849,69.3524,68.42231,69.30371,69.82476,70.0,70.0,67.51315,70.0,65.09985,60.627094,61.29543,55.41117,55.542057,67.33429,61.01744,63.294147,63.221207,64.001236,66.00262,69.7333,70.0,70.0,70.0,68.9722,56.21373,65.85168,67.12472,58.19849,58.445187,NA
2023-05-07 23:18:57.229455,61.038967,70.0,70.0,70.0,70.0,67.72946,58.534286,69.21585,69.15613,67.49366,65.86535,66.7521,64.2184,63.473038,67.00621,67.18791,67.03796,64.09049,70.0,70.0,64.28335,70.0,65.007614,64.001236,58.385986,63.30838,66.54002,62.630814,61.515743,58.68768,59.05782,60.275345,64.229065,70.0,70.0,70.0,70.0,70.0,59.030262,70.0,60.504364,65.24397,60.80532,67.24782,69.52802,64.88859,58.420742,66.30958,52.941353,66.50108,70.0,62.759895,65.90164,NA
2023-05-07 23:49:00.850672,64.00173,70.0,70.0,70.0,70.0,65.24397,54.941917,63.930763,65.68141,62.209785,62.758488,68.32434,67.98282,65.10076,66.98853,68.451004,68.07521,70.0,68.9722,67.69958,64.02028,68.443115,62.694927,49.088326,68.79841,69.665054,68.62903,70.0,70.0,70.0,70.0,70.0,70.0,62.428734,55.59293,62.158653,70.0,70.0,60.397583,64.879745,67.03539,68.9722,70.0,70.0,70.0,63.08408,56.173985,54.969208,50.95244,65.04193,69.78632,54.0607,55.30204,NA
2023-05-08 00:19:04.286244,64.909775,68.831245,64.37223,67.862946,70.0,64.001236,52.45643,65.58197,68.2282,65.86535,68.44665,69.43823,63.633217,64.78739,65.17328,65.88569,70.0,70.0,69.593575,63.844456,67.08904,70.0,70.0,70.0,67.90267,65.45841,56.53311,56.043327,61.515743,64.19794,67.18019,67.83731,70.0,70.0,70.0,70.0,70.0,68.070145,58.285828,67.596634,70.0,68.9722,64.646706,67.59269,69.99284,65.657845,59.57601,58.941696,50.165543,64.54357,70.0,68.9722,68.286766,NA
2023-05-08 00:49:07.513610,62.664436,67.893936,66.41065,69.96332,70.0,60.89438,49.787666,62.75038,61.953186,64.86284,67.0988,68.77431,68.92994,64.32541,69.49441,67.20826,70.0,65.68423,67.108086,67.9928,66.11116,66.20374,65.30178,70.0,66.35857,62.92338,65.52218,67.29274,70.0,68.05135,62.209225,60.577847,64.23344,66.1014,64.80334,62.70478,66.00669,59.25371,61.146553,64.70832,64.60935,70.0,70.0,70.0,70.0,70.0,67.46251,65.24398,47.486507,66.91638,70.0,70.0,70.0,NA
2023-05-08 01:19:10.660394,64.57558,66.02982,65.784065,65.007706,70.0,67.72946,62.201427,68.54023,70.0,65.86089,68.9722,66.650925,61.292507,54.763058,58.88133,68.451004,66.313835,69.19272,67.72946,68.33589,55.92341,68.633804,66.74736,69.593575,70.0,70.0,60.989323,66.3665,70.0,68.23968,60.1288,66.28037,67.995026,70.0,67.21825,65.762375,67.82813,64.84881,64.74567,64.47691,67.802155,68.9722,70.0,68.48908,64.85892,62.75849,64.001236,64.57832,48.63248,66.06984,70.0,70.0,65.14362,NA
